0,Summary,Issue key,
1,C03658,ACDS-980,
2,C02200,PRODN-269,
3,"CSC_Quality_Poatsy_Exploring Microsoft Office 2019 series, Microsoft Word 2019 Comprehensive_22193",QUA-191,
4,CSC_Quality_SPI_C00251_Global Marketing,QUA-183,
5,CSC_Quality_SPI_C00684_Database Concepts,QUA-182,
6,CSC_Quality_SPI_C00128_Counseling and Therapy for Couples,QUA-181,
7,"CSC_Quality_SPI_C00127_Foundations of Addictions Counseling, with Enhanced Pearson eText -- Access Card Package",QUA-180,
8,CSC_Quality_SPI_C02239_Articulation and Phonology in Speech Sound Disorders: A Clinical Focus -- Enhanced Pearson eText,QUA-179,
9,"CSC_Quality_SPI_C00206_Health & Physical Assessment In Nursing, Print",QUA-178,
10,CSC_Quality_SPI_C00171_A Problem Solving Approach to Mathematics for Elementary School Teachers,QUA-177,
11,CSC_Quality_SPI_C00108_Basic Psychopharmacology for Counselors and Psychotherapists,QUA-176,
12,CSC_Quality_SPI_C00250_Consumer Behavior,QUA-175,
13,CSC_Quality_SPI_C02739_Elliott & Quinn's Criminal Law,QUA-174,
14,"CSC_Quality_SPI_C00160_Fundamentals of Early Childhood Education, with Enhanced Pearson eText -- Access Card Package",QUA-173,
15,"CSC_Quality_SPI_C00113_Children's Literature, Briefly",QUA-172,
16,CSC_Quality_SPI_C02248_Fundamentals of Phonetics: A Practical Guide for Students,QUA-171,
17,CSC_Quality_SPI_C02624_Electrical Engineering Global Edition (Hambly),QUA-170,
18,CSC_Quality_SPI_C00322_Excellence in Business Communication,QUA-169,
19,CSC_Quality_SPI_C02240_Child Development and Education and MyLab Education with Pearson eText -- Access Card Package,QUA-168,
20,CSC_Quality_SPI_C02251_Communicating in Small Groups: Principles and Practices -- Access Card,QUA-167,
21,"CSC_Quality_SPI_C00122_Effective Practices in Early Childhood Education: Building a Foundation, with REVEL -- Access Card Package",QUA-166,
22,CSC_Quality_SPI_C00131_Financing Education in a Climate of Change,QUA-165,
23,CSC_Quality_SPI_C02744_Frank Wood's Business Accounting Volume 1,QUA-164,
24,CSC_Quality_SPI_C02736_Constitutional and Administrative Law,QUA-163,
25,CSC_Quality_SPI_C00149_Exceptional Lives: Special Education in Today's Schools and MyEducationLab with Enhanced Pearson eText -- Access Card Package,QUA-162,
26,"CSC_Quality_SPI_C02835_Emergency Medical Responder: First on Scene, 11e",QUA-161,
27,"CSC_Quality_SPI_C00121_Helping Young Children Learn Language and Literacy: Birth Through Kindergarten, with Enhanced Pearson eText -- Access Card Package",QUA-160,
28,CSC_Quality_SPI_C00732_Essentials of Anatomy & Physiology (Martini),QUA-159,
29,"CSC_Quality_SPI_C00105_50 Strategies for Teaching English Language Learners, with Enhanced Pearson eText -- Access Card Package",QUA-158,
30,CSC_Quality_SPI_C00104_45 Techniques Every Counselor Should Know,QUA-157,
31,"CSC_Quality_SPI_C00130_Becoming a Teacher, with REVEL-- Access Card Package",QUA-156,
32,CSC_Quality_SPI_C02126_Chemistry (McMurry),QUA-155,
33,"CSC_Quality_SPI_C00126_Ethical, Legal, and Professional Issues in Counseling, with Enhanced Pearson eText -- Access Card Package",QUA-154,
34,CSC_Quality_SPI_C02702_Armstrong: Mkting:An Intro_p4,QUA-153,
35,CSC_Quality_SPI_C00125_Groups: A Counseling Specialty and MyCounselingLab with Enhanced Pearson eText -- Access Card Package,QUA-152,
36,CSC_Quality_SPI_C00156_Human Learning,QUA-151,
37,CSC_Quality_SPI_C02625_Chemistry Global Edition (Timberlake),QUA-150,
38,CSC_Quality_SPI_C00325_Business in Action,QUA-149,
39,CSC_Quality_SPI_C02746_Fundamentals of Strategy,QUA-148,
40,"CSC_Quality_SPI_C02092_Assessment Procedures for Counselors and Helping Professionals plus MyLab Counseling with Pearson eText -- Access Card Package, 9e",QUA-147,
41,CSC_Quality_SPI_C02743_Frank Wood's Book-Keeping and Accounts,QUA-146,
42,CSC_Quality_SPI_C02120_Globalization and Diversity (Rowntree),QUA-145,
43,CSC_Quality_SPI_C00123_Assessment for Counselors and MyCounselingLab with Enhanced Pearson eText -- Access Card Package,QUA-144,
44,"CSC_Quality_SPI_C02154_General, Organic, and Biological Chemistry (Frost)",QUA-143,
45,CSC_Quality_SPI_C00241_Cainas/Jozsi/Pope Digital Managerial Accounting - Access Card,QUA-142,
46,CSC_Quality_SPI_C02116_Essentials of Genetics (Klug),QUA-141,
47,CSC_Quality_SPI_C00096_Assessment of Student Achievement and MyEducationLab with Enhanced Pearson eText -- Access Card Package (Waugh),QUA-140,
48,CSC_Quality_SPI_C02734_Advanced Modern Engineering Mathematics,QUA-139,
49,CSC_Quality_SPI_C02847_Adams:  Pharmacology CNPR Review,QUA-138,
50,CSC_Quality_SPI_C02741_Essentials of Operations Management,QUA-137,
51,"CSC_Quality_SPI_C02745_Frank Wood's Business Accounting, Volume 2",QUA-136,
52,CSC_Quality_SPI_C00906_Forty Studies that Changed Psychology,QUA-135,
53,"CSC_Quality_SPI_C00099_Classroom Assessment for Student Learning: Doing It Right - Using It Well, with Enhanced Pearson eText -- Access Card Package (Chappuis)",QUA-134,
54,"CSC_Quality_SPI_C00134_Assessment in Early Childhood Education, with Enhanced Pearson eText -- Access Card Package",QUA-133,
55,CSC_Quality_SPI_C02113_Access to Health (Donatelle),QUA-132,
56,CSC_Quality_SPI_C02878_Etkina Mastering Copyediting,QUA-131,
57,CSC_Quality_SPI_C02242_Excelling in the Externship: A Preparation Guide for Medical Assisting and Allied Health,QUA-130,
58,"CSC_Quality_SPI_C00095_A Course for Teaching English Learners, with Enhanced Pearson eText -- Access Card Package (Diaz-Rico)",QUA-129,
59,"CSC_Quality_SPI_C02733_Accounting and Finance,An Introduction",QUA-128,
60,CSC_Quality_SPI_C00111_Creating Literacy Instruction for All Students and MyEducationLab with Enhanced Pearson eText -- Access Card Packages,QUA-127,
61,CSC_Quality_SPI_C02632_Evans Global Edition,QUA-126,
62,CSC_Quality_SPI_C02682_Emergent Learning: Personal Financial Literacy,QUA-125,
63,CSC_Quality_SPI_C00233_A Guided Approach to Intermediate and Advanced Coding,QUA-124,
64,CSC_Quality_SPI_C02740_English Legal System,QUA-123,
65,CSC_Quality_SPI_C02673_Brazil WizMe testing,QUA-122,
66,"CSC_Quality_SPI_C00316_Economics: Principles, Applications and Tools",QUA-121,
67,CSC_Quality_SPI_C02764_Law Express: Land Law,QUA-120,
68,CSC_Quality_SPI_C00226_Medical Terminology: Get Connected!,QUA-119,
69,"CSC_Quality_SPI_C02112_Microbiology with Diseaes by Taxonomy, 6e (Bauman)",QUA-118,
70,CSC_Quality_SPI_C00009_International A-Level Student Book (Typeset),QUA-117,
71,"CSC_Quality_SPI_C02310_The Nursing Assistant: Acute, Subacute, and Long-Term Care",QUA-116,
72,"CSC_Quality_SPI_C00110_Teaching Reading and Writing:The Developmental Approach, with Enhanced Pearson eText -- Access Card Package",QUA-115,
73,CSC_Quality_SPI_C00680_Using MIS,QUA-114,
74,CSC_Quality_SPI_C02758_Law Express: Evidence,QUA-113,
75,CSC_Quality_SPI_C00271_Microeconomics: Theory and Applications with Calculus,QUA-112,
76,CSC_Quality_SPI_C02753_Law Express: Criminal Law,QUA-111,
77,CSC_Quality_SPI_C00181_REVEL for Clinical Laboratory Hematology--Access Card,QUA-110,
78,CSC_Quality_SPI_C02354_Pearson Nurse's Drug Guide 2019,QUA-109,
79,CSC_Quality_SPI_C02257_Revel for Journey of Adulthood -- Access Card,QUA-108,
80,CSC_Quality_SPI_C02266_The Essentials of Family Therapy,QUA-107,
81,CSC_Quality_SPI_C00314_Managerial Economics and Strategy,QUA-106,
82,"CSC_Quality_SPI_C02705_Understanding Human Development, 4e - PPTs",QUA-105,
83,CSC_Quality_SPI_C02246_Understanding Child Abuse and Neglect,QUA-104,
84,"CSC_Quality_SPI_C02606_Legal Rights of School Leaders, Teachers and Students",QUA-103,
85,CSC_Quality_SPI_C02756_Law Express: Equity and Trusts,QUA-102,
86,"CSC_Quality_SPI_C00118_Teaching Reading in the 21st Century: Motivating All Learners, with Enhanced Pearson eText -- Access Card Package",QUA-101,
87,CSC_Quality_SPI_C02633_Triola Biostats Global Edition,QUA-100,
88,CSC_Quality_SPI_C02642_Words Their Way Word Sorts for Derivational Relations Spellers,QUA-99,
89,CSC_Quality_SPI_C02182_Power Maths KS2,QUA-98,
90,CSC_Quality_SPI_C02752_Law Express: Contract Law,QUA-97,
91,CSC_Quality_SPI_C00207_Leadership and Management for Nurses: Core Competencies for Quality Care,QUA-96,
92,CSC_Quality_SPI_C02761_Law Express: Intellectual Property,QUA-95,
93,CSC_Quality_SPI_C00105_Mastering the National Counselor Examination and the Counselor Preparation Comprehensive Examination with Enhanced Pearson eText -- Access Card Package,QUA-94,
94,"CSC_Quality_SPI_C02265_Social Work, Social Welfare and American Society",QUA-93,
95,CSC_Quality_SPI_C02724_Proofread & Typesetting for iPrimary and iSecondary,QUA-92,
96,"CSC_Quality_SPI_C00119_Understanding, Assessing, and Teaching Reading: A Diagnostic Approach with Enhanced Pearson eText -- Access Card Package",QUA-91,
97,CSC_Quality_SPI_C02762_Law Express: International Law,QUA-90,
98,"CSC_Quality_SPI_C02768_Law for Journalists, 6th edition",QUA-89,
99,"CSC_Quality_SPI_C00315_Macroeconomics: Principles, Applications and Tools",QUA-88,
100,CSC_Quality_SPI_C02115_Nutrition & You (Blake),QUA-87,
101,CSC_Quality_SPI_C02775_Organisational Behaviour,QUA-86,
102,CSC_Quality_SPI_C02869_Mano Global Edition (ECS to Pearson UK edition),QUA-85,
103,CSC_Quality_SPI_C02766_Law Express: Tort Law,QUA-84,
104,"CSC_Quality_SPI_C00109_Practical Approaches to Clinical Supervision Across Settings: Theory, Practice, and Research",QUA-83,
105,"CSC_Quality_SPI_C00120_Strategies for Reading Assessment and Instruction: Helping Every Child Succeed, with Enhanced Pearson eText -- Access Card Package",QUA-82,
106,CSC_Quality_SPI_C00327_Medical Language: Immerse Yourself,QUA-81,
107,CSC_Quality_SPI_C02128_The Cosmic Perspective Fundamentals (Bennett),QUA-80,
108,CSC_Quality_SPI_C02703_Law of the EU,QUA-79,
109,CSC_Quality_SPI_C02707_PowerPoint Presentation (Download Only) for Becoming a Critical Thinker: A User-Friendly Manual,QUA-78,
110,CSC_Quality_SPI_C02258_Principles of Risk Management and Insurance,QUA-77,
111,"CSC_Quality_SPI_C01463_Mental Health in Social Work: A Casebook on Diagnosis and Strengths Based Assessment, 3e",QUA-76,
112,CSC_Quality_SPI_C02243_Medical-Surgical Nursing,QUA-75,
113,CSC_Quality_SPI_C02780_Strategic Management,QUA-74,
114,CSC_Quality_SPI_C00247_REVEL InMicro -- Access Card,QUA-73,
115,"CSC_Quality_SPI_C00112_Words Their Way: Word Study for Phonics, Vocabulary, and Spelling Instruction",QUA-72,
116,CSC_Quality_SPI_C02757_Law Express: EU Law,QUA-71,
117,"CSC_Quality_SPI_C02706_Theories of Personality: Understanding Persons, 7e - PPTs",QUA-70,
118,"CSC_Quality_SPI_C00102_Literacy in the Early Grades: A Successful Start for PreK-4 Readers and Writers, with Enhanced Pearson eText -- Access Card Package",QUA-69,
119,CSC_Quality_SPI_C02804_ISM for A First Course in Probability (Ross),QUA-68,
120,CSC_Quality_SPI_C02751_Law Express: Constitutional and Administrative Law,QUA-67,
121,CSC_Quality_SPI_C02254_Revel for Families and Their Social Worlds -- Access Card,QUA-66,
122,"CSC_Quality_SPI_C00152_Instruction of Students with Severe Disabilities, with Enhanced Pearson eText -- Access Card Package",QUA-65,
123,CSC_Quality_SPI_C02263_Introduction to Social Work: Through the Eyes of Practice Settings,QUA-64,
124,CSC_Quality_SPI_C02750_Law Express: Company Law,QUA-63,
125,CSC_Quality_SPI_C02763_Law Express: Jurisprudence,QUA-62,
126,CSC_Quality_SPI_C02778_Practical Skills in Forensic Science,QUA-61,
127,"CSC_Quality_SPI_C00257_Marketing: Real People, Real Choices",QUA-60,
128,CSC_Quality_SPI_C02708_PowerPoint Presentation (Download only) for Statistics for the Behavioral and Social Sciences,QUA-59,
129,CSC_Quality_SPI_C02876_Knight Mastering Copyedit,QUA-58,
130,CSC_Quality_SPI_C00245_REVEL InEcon -- Access Card,QUA-57,
131,"CSC_Quality_SPI_C00139_Language Development: An Introduction, with Enhanced Pearson eText -- Access Card Package",QUA-56,
132,CSC_Quality_SPI_C02725_PreAlgebra PPT Revision (Martin-Gay),QUA-55,
133,CSC_Quality_SPI_C02754_Law Express: Employment Law,QUA-54,
134,"CSC_Quality_SPI_C00103_Introduction to Middle Level Education, with Enhanced Pearson eText -- Access Card Package",QUA-53,
135,"CSC_Quality_SPI_C02704_Worthington: Business Environment, 8e",QUA-52,
136,CSC_Quality_SPI_C00324_REVEL InMacro -- Access Card,QUA-51,
137,CSC_Quality_SPI_C02127_The Cosmic Perspective (Bennett),QUA-50,
138,"CSC_Quality_SPI_C00140_Understanding Human Differences: Multicultural Education for a Diverse America, with Enhanced Pearson eText -- Access Card Package",QUA-49,
139,CSC_Quality_SPI_C02774_Operations and Process Management,QUA-48,
140,CSC_Quality_SPI_C00261_Personal Finance,QUA-47,
141,CSC_Quality_SPI_C02267_Social Work with Older Adults,QUA-46,
142,"CSC_Quality_SPI_C00153_Teaching Students with Severe Disabilities, with Enhanced Pearson eText -- Access Card Package",QUA-45,
143,"CSC_Quality_SPI_C00268_Microeconomics: Principles, Applications and Tools",QUA-44,
144,CSC_Quality_SPI_C02339_Online and Blended Learning (Connexus),QUA-43,
145,CSC_Quality_SPI_C02772_Mathematics for Economics and Business,QUA-42,
146,"CSC_Quality_SPI_C00098_The Voice and Voice Therapy, with Enhanced Pearson eText -- Access Card Package (Boone)",QUA-41,
147,"CSC_Quality_SPI_C02085_Learning Theories: An Educational Perspective, with Enhanced Pearson eText -- Access Card Package",QUA-40,
148,CSC_Quality_SPI_C02797_R Studio Study Card for Business Statistics (Sharpe),QUA-39,
149,"CSC_Quality_SPI_C00132_Parents as Partners in Education: Families and Schools Working Together, with Enhanced Pearson eText-- Access Card Package",QUA-38,
150,"CSC_Quality_SPI_C02844_Pearson Reviews & Rationales: Mental Health Nursing with ""Nursing Reviews & Rationales""",QUA-37,
151,CSC_Quality_SPI_C02241_Pearson's Comprehensive Medical Coding,QUA-36,
152,"CSC_Quality_SPI_C02628_Occupied America: A History of Chicanos, 9e",QUA-35,
153,CSC_Quality_SPI_C02262_Olds' Maternal-Newborn Nursing & Women's Health Ac,QUA-34,
154,CSC_Quality_SPI_C02640_The Law and Special Education,QUA-33,
155,CSC_Quality_SPI_C02755_Law Express: English Legal System,QUA-32,
156,CSC_Quality_SPI_C02485_Microbiology: A Lab Manual (Cappuccino),QUA-31,
157,CSC_Quality_SPI_C00253_Strategic Brand Management,QUA-30,
158,CSC_Quality_SPI_C02125_Chemistry for Changing Times (Hill),QUA-29,
159,CSC_Quality_SPI_C02114_The Science of Nutrition (Thompson),QUA-28,
160,Dewitz / Teaching Reading in the 21st Century: Motivating All Learners,QUA-27,
161,CSC_Quality_SPI_C02259_International Business: A Managerial Perspective,QUA-26,
162,GO! with Microsoft Excel 2019 Comprehensive,QUA-25,
163,CSC_Quality_SPI_C00252_Marketing Research,QUA-24,
164,CSC_Quality_SPI_C02714_Multinational Business Finance,QUA-23,
165,CSC_Quality_SPI_C00778_Trigonometry (Dugopolski),QUA-22,
166,CSC_Quality_SPI_C02247_Literacy Development in the Early Years,QUA-21,
167,"Bovee / Business Communication Essentials, Canadian Edition",QUA-20,
168,CSC_Quality_SPI_C00679_Modern Systems Analysis and Design,QUA-19,
169,CSC_Quality_SPI_C02714_Eiteman: Multinational Business Finance,QUA-18,
170,CSC_Quality_Blake_Nutrition & You_C02115,QUA-17,
171,CSC_Quality_SPI_C00181_McKenzie_Clinical Laboratory Hematology,QUA-16,
172,"CSC_Quality_SPI_C00114_Improving Adolescent Literacy: Content Area Strategies at Work, with Enhanced Pearson eText -- Access card Package",QUA-15,
173,CSC_Quality_SPI_C00776_University Calculus ET (Hass),QUA-14,
174,Bovee-Thill / Business in Action,QUA-13,
175,CSC_Quality_SPI_C00262_Strategic Compensation: A Human Resource Management Approach,QUA-12,
176,CSC_Quality_SPI_C02117_Biology: Life on Earth with Physiology (Audesirk),QUA-11,
177,CSC_Quality_SPI_C00775_Introductory Statistics (Gould),QUA-10,
178,CSC_Quality_SPI_C00319_The Practice of Public Relations,QUA-9,
179,CSC_Quality_SPI_C00871_Probability and Statistical Inference (Hogg),QUA-8,
180,CSC_Pearson_SPI_C02384_Bovee_Business Communication Essentials,QUA-6,
181,For testing,QUA-1,
182,C02310,PRODN-22,
183,C00108,PRODN-46,
184,C00207,PRODN-25,
185,C00755,PRODN-11,
186,C00120,PRODN-39,
187,,PRODN-620,
188,,PRODN-1755,
189,,PRODN-1591,
190,,PRODN-1543,
191,,PRODN-737,
192,,PRODN-463,
193,,PRODN-500,
194,,PRODN-544,
195,,PRODN-1741,
196,,PRODN-493,
197,,PRODN-610,
198,,PRODN-455,
199,,PRODN-474,
200,,PRODN-570,
201,,PRODN-335,
202,C02733,PRODN-264,
203,,PRODN-437,
204,,PRODN-684,
205,,PRODN-597,
206,,PRODN-443,
207,,PRODN-1452,
208,,PRODN-1109,
209,,PRODN-659,
210,,PRODN-1694,
211,,PRODN-345,
212,,PRODN-426,
213,C02402,PRODN-71,
214,,PRODN-348,
215,,PRODN-639,
216,,PRODN-453,
217,,PRODN-342,
218,,PRODN-1119,
219,,PRODN-497,
220,,PRODN-454,
221,,PRODN-1318,
222,,PRODN-516,
223,,PRODN-258,
224,,PRODN-1140,
225,,PRODN-716,
226,,PRODN-343,
227,,PRODN-387,
228,C00140,PRODN-41,
229,,PRODN-129,
230,,PRODN-394,
231,,PRODN-568,
232,,PRODN-297,
233,C02460,PRODN-37,
234,C00134,PRODN-43,
235,,PRODN-386,
236,,PRODN-428,
237,C00319,PRODN-15,
238,,PRODN-626,
239,,PRODN-390,
240,,PRODN-560,
241,,PRODN-526,
242,,PRODN-378,
243,,PRODN-1632,
244,,PRODN-518,
245,,PRODN-160,
246,,PRODN-702,
247,,PRODN-621,
248,,PRODN-1488,
249,,PRODN-384,
250,,PRODN-1576,
251,,PRODN-1115,
252,,PRODN-1195,
253,,PRODN-1537,
254,C00132 ,PRODN-16,
255,,PRODN-619,
256,,PRODN-1193,
257,,PRODN-814,
258,,PRODN-1497,
259,,PRODN-1495,
260,,PRODN-1493,
261,,PRODN-1491,
262,C00253,PRODN-31,
263,,PRODN-1477,
264,,PRODN-1332,
265,,PRODN-450,
266,,PRODN-1456,
267,,PRODN-1450,
268,,PRODN-537,
269,,PRODN-341,
270,,PRODN-1443,
271,,PRODN-419,
272,,PRODN-1436,
273,,PRODN-1424,
274,,PRODN-1422,
275,,PRODN-733,
276,,PRODN-1412,
277,,PRODN-1409,
278,,PRODN-489,
279,,PRODN-1374,
280,,PRODN-1357,
281,,PRODN-520,
282,,PRODN-622,
283,,PRODN-478,
284,,PRODN-1314,
285,,PRODN-1312,
286,C00119,PRODN-17,
287,,PRODN-679,
288,,PRODN-1281,
289,C00678,PRODN-27,
290,,PRODN-1183,
291,,PRODN-334,
292,,PRODN-562,
293,,PRODN-687,
294,,PRODN-451,
295,,PRODN-1237,
296,,PRODN-1201,
297,,PRODN-276,
298,C02467,PRODN-47,
299,,PRODN-460,
300,,PRODN-608,
301,C00139,PRODN-30,
302,C02395,PRODN-254,
303,,PRODN-1108,
304,C02842,PRODN-32,
305,,PRODN-1143,
306,,PRODN-1176,
307,C02414,PRODN-42,
308,C02844,PRODN-34,
309,,PRODN-540,
310,,PRODN-1137,
311,,PRODN-545,
312,,PRODN-289,
313,,PRODN-1104,
314,C02845,PRODN-29,
315,,PRODN-261,
316,,PRODN-541,
317,,PRODN-487,
318,,PRODN-670,
319,,PRODN-505,
320,,PRODN-431,
321,,PRODN-514,
322,C02843,PRODN-21,
323,,PRODN-1074,
324,,PRODN-1072,
325,,PRODN-480,
326,,PRODN-1045,
327,,PRODN-507,
328,,PRODN-385,
329,,PRODN-666,
330,C05360,PRODN-911,
331,,PRODN-729,
332,C04231,PRODN-249,
333,,PRODN-445,
334,,PRODN-462,
335,,PRODN-467,
336,,PRODN-279,
337,,PRODN-400,
338,,PRODN-624,
339,C02386,PRODN-306,
340,,PRODN-739,
341,,PRODN-671,
342,,PRODN-717,
343,Demand ID: C00103,PRODN-19,
344,,PRODN-581,
345,,PRODN-662,
346,,PRODN-649,
347,,PRODN-650,
348,,PRODN-648,
349,,PRODN-617,
350,,PRODN-340,
351,,PRODN-592,
352,,PRODN-576,
353,,PRODN-575,
354,,PRODN-389,
355,,PRODN-529,
356,,PRODN-527,
357,,PRODN-417,
358,C02384,PRODN-126,
359,C02404,PRODN-107,
360,,PRODN-320,
361,,PRODN-308,
362,,PRODN-287,
363,,PRODN-286,
364,C02745,PRODN-285,
365,C02681 ,PRODN-278,
366,,PRODN-259,
367,,PRODN-256,
368,,PRODN-145,
369,C00121,PRODN-95,
370,C02267,PRODN-61,
371,C00118,PRODN-52,
372,C02263,PRODN-45,
373,C00679,PRODN-44,
374,C00322,PRODN-40,
375,C02265,PRODN-36,
376,C02242,PRODN-33,
377,C00271,PRODN-28,
378,C00261,PRODN-26,
379,C02609,PRODN-23,
380,,PRODN-14,
381,C00314,PRODN-13,
382,C02239,PRODN-12,
383,,PRODN-10,
384,,PRODN-1770,
385,,PRODN-1769,
386,,PRODN-1613,
387,,PRODN-1768,
388,,PRODN-1767,
389,,PRODN-1766,
390,,PRODN-1617,
391,,PRODN-1765,
392,,PRODN-1668,
393,,PRODN-1762,
394,,PRODN-1289,
395,,PRODN-1760,
396,,PRODN-1759,
397,,PRODN-1758,
398,,PRODN-1757,
399,,PRODN-1756,
400,,PRODN-1754,
401,,PRODN-1751,
402,,PRODN-657,
403,,PRODN-1349,
404,,PRODN-1317,
405,,PRODN-1265,
406,,PRODN-1742,
407,,PRODN-509,
408,,PRODN-1738,
409,,PRODN-1736,
410,,PRODN-1732,
411,,PRODN-1041,
412,,PRODN-1728,
413,,PRODN-1727,
414,,PRODN-1725,
415,,PRODN-1723,
416,,PRODN-1721,
417,,PRODN-1719,
418,,PRODN-1101,
419,,PRODN-1715,
420,,PRODN-277,
421,,PRODN-1037,
422,,PRODN-1499,
423,,PRODN-1700,
424,,PRODN-1036,
425,,PRODN-1248,
426,,PRODN-1692,
427,,PRODN-1691,
428,,PRODN-513,
429,,PRODN-305,
430,,PRODN-263,
431,,PRODN-827,
432,,PRODN-251,
433,,PRODN-83,
434,,PRODN-1656,
435,,PRODN-1539,
436,,PRODN-337,
437,,PRODN-852,
438,,PRODN-787,
439,,PRODN-1640,
440,,PRODN-868,
441,,PRODN-1639,
442,,PRODN-847,
443,,PRODN-1638,
444,,PRODN-1637,
445,,PRODN-1621,
446,,PRODN-1620,
447,,PRODN-1628,
448,,PRODN-1625,
449,,PRODN-1636,
450,,PRODN-290,
451,,PRODN-1635,
452,,PRODN-1630,
453,,PRODN-1627,
454,,PRODN-469,
455,,PRODN-1629,
456,,PRODN-1626,
457,,PRODN-1605,
458,,PRODN-1541,
459,,PRODN-1624,
460,,PRODN-1622,
461,,PRODN-807,
462,,PRODN-1619,
463,,PRODN-1618,
464,,PRODN-1616,
465,,PRODN-1615,
466,,PRODN-1614,
467,,PRODN-1038,
468,,PRODN-1609,
469,,PRODN-1607,
470,,PRODN-298,
471,,PRODN-1596,
472,,PRODN-252,
473,,PRODN-850,
474,,PRODN-891,
475,,PRODN-1040,
476,,PRODN-269,
477,,PRODN-257,
478,,PRODN-872,
479,,PRODN-604,
480,,PRODN-809,
481,,PRODN-1524,
482,,PRODN-272,
483,,PRODN-274,
484,,PRODN-1498,
485,,PRODN-295,
486,,PRODN-965,
487,,PRODN-382,
488, C05137,PRODN-1410,
489,,PRODN-283,
490,,PRODN-299,
491,,PRODN-20,
492,,PRODN-1306,
493,,PRODN-876,
494,C03192,PRODN-267,
495,,PRODN-1160,
496,,PRODN-1148,
497,,PRODN-1256,
498,,PRODN-885,
499,,PRODN-1219,
500,C04225,PRODN-262,
501,,PRODN-1042,
502,,PRODN-1039,
503,,PRODN-1046,
504,C05398,PRODN-1130,
505,C05399,PRODN-1129,
506,,PRODN-1060,
507,,PRODN-1059,
508,,PRODN-1053,
509,,PRODN-1029,
510,,PRODN-810,
511,C03191,PRODN-934,
512,,PRODN-980,
513,C03193,PRODN-977,
514,C02386,PRODN-958,
515,,PRODN-969,
516,,PRODN-280,
517,C04830,PRODN-910,
518,,PRODN-861,
519,,PRODN-860,
520,C02424,PRODN-48,
521,C02430,PRODN-38,
522,C00325,PRODN-24,
523,C03117,PRODN-751,
524,,PRODN-753,
525,C04253,PRODN-759,
526,Project iii,PRODN-760,
527,C05025,PRODN-825,
528,,PRODN-7,
529,,PRODN-271,
530,,PRODN-273,
531,,PRODN-253,
532,,PRODN-300,
533,,PRODN-371,
534,,PRODN-362,
535,,PRODN-355,
536,,PRODN-307,
537,,PRODN-293,
538,,PRODN-302,
539,,PRODN-303,
540,,PRODN-266,
541,,PRODN-260,
542,,PRODN-246,
543,,PRODN-8,
544,,PRODN-173,
545,,PRODN-9,
546,,PRODN-6,
547,,PRODN-5,
548,,PRODN-4,
549,,PRODN-3,
550,,PRODN-2,
551,,PRODN-1,
552,,PRODN-291,
553,,PRODN-281,
554,C00705,PM-755,
555,C00704,PM-754,
556,C02265,PM-753,
557,C05765,PM-749,
558,C05764,PM-748,
559,C00181,PM-747,
560,C05752,PM-746,
561,C02312,PM-738,
562,c02314,PM-737,
563,C02433,PM-735,
564,C02432,PM-734,
565,C02411,PM-733,
566,,PM-731,
567,c0769,PM-730,
568,c02311,PM-728,
569,c02309,PM-727,
570,c02308,PM-726,
571,C02203,PM-725,
572,C02634,PM-724,
573,c02307,PM-723,
574,C02198,PM-722,
575,C02197,PM-721,
576,C04257,PM-720,
577,C02203 ,PM-719,
578,C02203 ,PM-718,
579,C02401,PM-715,
580,C05610,PM-714,
581,C05611,PM-713,
582,C05609,PM-708,
583,C00271,PM-693,
584,C00323,PM-692,
585,C03996   ,PM-691,
586,C04002   ,PM-690,
587,C04001,PM-689,
588,C03997,PM-688,
589,C04868   ,PM-687,
590,C03999   ,PM-686,
591,C03998   ,PM-685,
592,C02238,PM-684,
593,C00775,PM-683,
594,,PM-682,
595,,PM-681,
596,C03998,PM-677,
597,,PM-676,
598,,PM-675,
599,,PM-674,
600,C04982,PM-672,
601,C04992,PM-671,
602,C00871,PM-665,
603,,PM-662,
604,C03937,PM-647,
605,C02845,PM-646,
606,C02842,PM-645,
607,,PM-643,
608,,PM-642,
609,,PM-641,
610,,PM-640,
611,,PM-639,
612,,PM-638,
613,C03874,PM-637,
614,C04189,PM-631,
615,C05083,PM-630,
616,C05082,PM-629,
617,C05080,PM-628,
618,C03925,PM-627,
619,C03926,PM-626,
620,C03928,PM-625,
621,C03920,PM-624,
622,C03921,PM-623,
623,C03923,PM-622,
624,C03940,PM-621,
625,C03941,PM-620,
626,C03942,PM-619,
627,yet to receive,PM-616,
628,yet to receive,PM-615,
629,yet to receive,PM-614,
630,yet to reeive,PM-613,
631,C04037,PM-612,
632,C04036,PM-611,
633,C04035,PM-610,
634,,PM-609,
635,C03874,PM-607,
636,,PM-606,
637,C04302,PM-604,
638,C04287,PM-603,
639,C04278,PM-602,
640,,PM-600,
641,C05428,PM-599,
642,,PM-597,
643,,PM-596,
644,,PM-595,
645,C01067,PM-590,
646,C05396,PM-572,
647,,PM-571,
648,C02242,PM-570,
649,C00142,PM-569,
650, C00225,PM-568,
651,,PM-567,
652,C05387,PM-566,
653,,PM-565,
654,,PM-564,
655,,PM-563,
656,,PM-562,
657,C03984,PM-561,
658,C03989,PM-560,
659,C03988,PM-559,
660,C03987,PM-558,
661,C03986,PM-557,
662,C03985,PM-556,
663,C03990,PM-555,
664,C02396,PM-554,
665,C02395,PM-553,
666,C02386,PM-552,
667,C02403,PM-551,
668,C02402,PM-550,
669,C02468,PM-549,
670,C02387,PM-548,
671,C02423,PM-547,
672,,PM-546,
673,,PM-545,
674,C05202,PM-544,
675,C02115,PM-543,
676,C02154,PM-542,
677,C02117,PM-541,
678,C02128,PM-540,
679,C02127,PM-539,
680,YTC,PM-536,
681,C05123,PM-535,
682,C05122 ,PM-534,
683,C04975,PM-533,
684,C04975,PM-532,
685,C04995,PM-531,
686,C04999,PM-530,
687,C04994,PM-529,
688,C04956,PM-528,
689,C04976,PM-527,
690,C04996,PM-526,
691,C04981,PM-525,
692,C04977,PM-524,
693,C03991,PM-523,
694,C03992,PM-522,
695,C03994,PM-521,
696,C02253,PM-520,
697,,PM-519,
698,,PM-518,
699,,PM-517,
700,C05176,PM-516,
701,,PM-515,
702,,PM-514,
703,,PM-513,
704,YTR,PM-512,
705,C04968,PM-511,
706,,PM-510,
707,C04129,PM-509,
708,C04969,PM-508,
709,,PM-507,
710,,PM-506,
711,C04447,PM-505,
712,C05033,PM-504,
713,C04446,PM-503,
714,C05032 ,PM-502,
715,C00122,PM-501,
716,C0012,PM-500,
717,C0012,PM-499,
718,C00865,PM-498,
719,C03972,PM-497,
720,C03973,PM-496,
721,C03974,PM-495,
722,C03975,PM-494,
723,C04827,PM-493,
724,C04991,PM-492,
725,C04999,PM-491,
726,C02453,PM-490,
727,C02450,PM-489,
728,C02401,PM-488,
729,C02131,PM-487,
730,C04026,PM-486,
731,C04025,PM-485,
732,C05067,PM-484,
733,C03934,PM-483,
734,C04320,PM-482,
735,C05197,PM-481,
736,C03954,PM-480,
737,C05158,PM-479,
738,C00193,PM-478,
739,C04000,PM-477,
740,C00181,PM-476,
741,C03963,PM-475,
742,C03962,PM-474,
743,C03961,PM-473,
744,C04921,PM-472,
745,401257,PM-471,
746,C05007,PM-470,
747,C00865,PM-469,
748,C00108,PM-468,
749,C02414,PM-467,
750,C02424,PM-466,
751,C02222,PM-465,
752,C02430,PM-464,
753,C02404,PM-463,
754,C02384,PM-462,
755,,PM-461,
756,C02218,PM-460,
757,,PM-459,
758,,PM-458,
759,,PM-457,
760,,PM-456,
761,,PM-455,
762,,PM-454,
763,,PM-453,
764,,PM-452,
765,,PM-451,
766,,PM-450,
767,,PM-449,
768,C00131,PM-448,
769,,PM-447,
770,,PM-446,
771,C04862,PM-445,
772,,PM-444,
773,,PM-442,
774,,PM-441,
775,C04053,PM-440,
776,C03952,PM-439,
777,C04897,PM-438,
778,,PM-437,
779,,PM-436,
780,,PM-435,
781,,PM-434,
782,,PM-433,
783,,PM-432,
784,,PM-431,
785,,PM-430,
786,,PM-429,
787,,PM-428,
788,,PM-427,
789,,PM-426,
790,C00679,PM-425,
791,C02265,PM-424,
792,C01463,PM-423,
793,,PM-422,
794,,PM-421,
795,C03748,PM-420,
796,C00233,PM-419,
797,,PM-418,
798,C02266,PM-417,
799,,PM-416,
800,,PM-415,
801,,PM-414,
802,,PM-413,
803,,PM-412,
804,,PM-411,
805,C02267,PM-410,
806,,PM-409,
807,,PM-408,
808,,PM-407,
809,C03950,PM-406,
810,,PM-405,
811,C00143,PM-404,
812,,PM-403,
813,,PM-402,
814,,PM-401,
815,C00105,PM-400,
816,,PM-399,
817,,PM-398,
818,,PM-397,
819,,PM-396,
820,C00252,PM-395,
821,,PM-394,
822,,PM-393,
823,,PM-392,
824,,PM-391,
825,,PM-390,
826,,PM-389,
827,C04945,PM-388,
828,,PM-387,
829,,PM-386,
830,,PM-385,
831,,PM-384,
832,,PM-383,
833,C04273,PM-382,
834,,PM-381,
835,,PM-380,
836,C04268,PM-379,
837,,PM-378,
838,,PM-377,
839,,PM-376,
840,,PM-373,
841,,PM-372,
842,C04288,PM-370,
843,C02310,PM-369,
844,C04282,PM-368,
845,,PM-367,
846,,PM-366,
847,,PM-365,
848,C04490,PM-364,
849,,PM-363,
850,,PM-361,
851,,PM-360,
852,,PM-359,
853,,PM-358,
854,,PM-357,
855,,PM-356,
856,C04893,PM-355,
857,,PM-354,
858,,PM-353,
859,,PM-351,
860,C04892,PM-350,
861,C04008,PM-349,
862,C05081 ,PM-348,
863,C04279 ,PM-347,
864,C03193,PM-346,
865,C03953,PM-345,
866,C02449,PM-344,
867,,PM-343,
868,,PM-342,
869,C02702,PM-341,
870,,PM-340,
871,,PM-339,
872,,PM-337,
873,C02467,PM-336,
874,C04018,PM-335,
875,C04270,PM-334,
876,,PM-333,
877,C03951,PM-332,
878,C02381,PM-331,
879,,PM-330,
880,,PM-329,
881,C00098,PM-328,
882,,PM-327,
883,,PM-326,
884,,PM-319,
885,C04024,PM-318,
886,C03934,PM-317,
887,,PM-316,
888,,PM-315,
889,,PM-314,
890,,PM-313,
891,,PM-312,
892,C04265,PM-311,
893,,PM-310,
894,,PM-309,
895,,PM-308,
896,C03748,PM-307,
897,,PM-306,
898,,PM-305,
899,,PM-304,
900,,PM-303,
901,,PM-302,
902,C02639,PM-301,
903,,PM-300,
904,,PM-299,
905,,PM-298,
906,,PM-297,
907,C00143,PM-296,
908,,PM-295,
909,,PM-294,
910,,PM-293,
911,,PM-292,
912,,PM-291,
913,,PM-290,
914,C00251,PM-289,
915,,PM-288,
916,,PM-287,
917,,PM-286,
918,C02260,PM-285,
919,,PM-284,
920,,PM-283,
921,,PM-282,
922,,PM-281,
923,,PM-280,
924,,PM-279,
925,,PM-278,
926,,PM-277,
927,C00719,PM-276,
928,,PM-275,
929,,PM-274,
930,,PM-273,
931,,PM-272,
932,,PM-271,
933,,PM-270,
934,C02432,PM-269,
935,C00769,PM-268,
936,C02330,PM-267,
937,C02411,PM-266,
938,C00241 ,PM-265,
939,C00156,PM-264,
940,C02433,PM-263,
941,,PM-262,
942,C02307,PM-261,
943,,PM-260,
944,C02308,PM-259,
945,,PM-258,
946,,PM-257,
947,,PM-256,
948,,PM-255,
949,,PM-254,
950,,PM-253,
951,,PM-252,
952,,PM-251,
953,,PM-250,
954,,PM-249,
955,,PM-248,
956,,PM-247,
957,,PM-246,
958,,PM-245,
959,,PM-244,
960,Demand ID: C00724,PM-243,
961,,PM-242,
962,,PM-241,
963,,PM-240,
964,,PM-239,
965,,PM-238,
966,,PM-237,
967,,PM-236,
968,,PM-235,
969,,PM-234,
970,,PM-233,
971,,PM-232,
972,,PM-231,
973,,PM-230,
974,,PM-229,
975,,PM-228,
976,,PM-227,
977,,PM-226,
978,,PM-225,
979,,PM-224,
980,,PM-223,
981,,PM-222,
982,,PM-221,
983,,PM-220,
984,,PM-219,
985,,PM-218,
986,,PM-217,
987,,PM-216,
988,,PM-215,
989,,PM-214,
990,,PM-213,
991,,PM-212,
992,,PM-211,
993,,PM-210,
994,,PM-209,
995,,PM-208,
996,,PM-207,
997,,PM-206,
998,,PM-205,
999,,PM-204,
1000,,PM-203,
1001,,PM-202,
1002,,PM-201,
1003,,PM-200,
1004,,PM-199,
1005,,PM-198,
1006,,PM-197,
1007,,PM-196,
1008,,PM-195,
1009,,PM-194,
1010,,PM-193,
1011,,PM-192,
1012,,PM-191,
1013,,PM-190,
1014,,PM-189,
1015,,PM-188,
1016,,PM-187,
1017,,PM-186,
1018,,PM-185,
1019,,PM-184,
1020,,PM-183,
1021,,PM-182,
1022,,PM-181,
1023,,PM-180,
1024,,PM-179,
1025,,PM-178,
1026,,PM-177,
1027,,PM-176,
1028,,PM-175,
1029,,PM-174,
1030,,PM-173,
1031,,PM-172,
1032,,PM-171,
1033,,PM-170,
1034,,PM-169,
1035,,PM-168,
1036,,PM-167,
1037,,PM-166,
1038,,PM-165,
1039,,PM-164,
1040,,PM-163,
1041,,PM-162,
1042,,PM-161,
1043,,PM-160,
1044,,PM-159,
1045,,PM-158,
1046,,PM-157,
1047,,PM-156,
1048,,PM-155,
1049,,PM-154,
1050,,PM-153,
1051,,PM-152,
1052,,PM-151,
1053,,PM-150,
1054,,PM-149,
1055,,PM-148,
1056,,PM-147,
1057,,PM-146,
1058,,PM-145,
1059,,PM-144,
1060,,PM-143,
1061,,PM-142,
1062,,PM-141,
1063,,PM-140,
1064,,PM-139,
1065,,PM-138,
1066,,PM-137,
1067,,PM-136,
1068,,PM-135,
1069,,PM-134,
1070,,PM-133,
1071,,PM-132,
1072,,PM-131,
1073,,PM-130,
1074,,PM-129,
1075,,PM-128,
1076,,PM-127,
1077,,PM-126,
1078,,PM-125,
1079,,PM-124,
1080,,PM-123,
1081,,PM-122,
1082,,PM-121,
1083,,PM-120,
1084,,PM-119,
1085,,PM-118,
1086,,PM-117,
1087,,PM-116,
1088,,PM-115,
1089,,PM-114,
1090,,PM-113,
1091,,PM-112,
1092,,PM-111,
1093,,PM-110,
1094,,PM-109,
1095,,PM-108,
1096,,PM-107,
1097,,PM-106,
1098,,PM-105,
1099,C00250,PM-104,
1100,Demand ID C00134,PM-103,
1101,C02835,PM-102,
1102,,PM-101,
1103,,PM-100,
1104,,PM-99,
1105,C02337,PM-98,
1106,C02241,PM-97,
1107,C00698,PM-96,
1108,,PM-95,
1109,C02262,PM-94,
1110,,PM-93,
1111,C00327,PM-92,
1112,,PM-91,
1113,C00127,PM-90,
1114,C00120,PM-89,
1115,C00699,PM-88,
1116,C00323,PM-87,
1117,,PM-86,
1118,,PM-85,
1119,C00252,PM-84,
1120,C02692,PM-83,
1121,C02092,PM-82,
1122,,PM-81,
1123,C02709,PM-80,
1124,,PM-79,
1125,C02243,PM-78,
1126,C04017,PM-77,
1127,,PM-76,
1128,,PM-75,
1129,C00153,PM-74,
1130,C00096,PM-73,
1131,,PM-72,
1132,,PM-71,
1133,C00208,PM-70,
1134,,PM-69,
1135,C00130,PM-68,
1136,C00105,PM-67,
1137,,PM-66,
1138,C00126,PM-65,
1139,C00111,PM-64,
1140,,PM-63,
1141,,PM-62,
1142,C00226,PM-61,
1143,,PM-60,
1144,,PM-59,
1145,,PM-58,
1146,,PM-57,
1147,,PM-56,
1148,C02247,PM-55,
1149,C00257,PM-54,
1150,,PM-53,
1151,C00683,PM-52,
1152,,PM-51,
1153,,PM-50,
1154,C00104,PM-49,
1155,C00680,PM-48,
1156,,PM-47,
1157,,PM-46,
1158,,PM-45,
1159,,PM-44,
1160,,PM-43,
1161,,PM-42,
1162,,PM-41,
1163,,PM-40,
1164,C02936,PM-39,
1165,C00181,PM-38,
1166,C00113,PM-37,
1167,,PM-36,
1168,,PM-35,
1169,C00233,PM-34,
1170,C00102,PM-33,
1171,C01463,PM-32,
1172,,PM-31,
1173,,PM-30,
1174,C00671,PM-29,
1175,,PM-28,
1176,,PM-27,
1177,,PM-26,
1178,C00095,PM-25,
1179,,PM-24,
1180,,PM-23,
1181,C00206,PM-22,
1182,,PM-21,
1183,C00152,PM-20,
1184,,PM-19,
1185,,PM-18,
1186,C00109,PM-17,
1187,C00131 ,PM-16,
1188,,PM-15,
1189,C02248,PM-14,
1190,,PM-13,
1191,,PM-12,
1192,C00160,PM-11,
1193,,PM-10,
1194,C02246,PM-9,
1195,C00125,PM-8,
